{"cameraMode":{"drawMode":0,"name":"Shaded","section":"Shading Mode"},"sceneLighting":false,"audioPlay":false,"sceneViewState":{"showFog":true,"showMaterialUpdate":false,"showSkybox":true,"showFlares":true,"showImageEffects":true,"showParticleSystems":true},"in2DMode":false,"pivot":{"x":0.9913194179534912,"y":1.5890707969665528,"z":-1.3103595972061158},"rotation":{"x":0.01465104054659605,"y":0.8394932150840759,"z":-0.022676585242152215,"w":0.5426991581916809},"size":22.0,"orthographic":false}