{"cameraMode":{"drawMode":0,"name":"Shaded","section":"Shading Mode"},"sceneLighting":true,"audioPlay":false,"sceneViewState":{"showFog":true,"showMaterialUpdate":false,"showSkybox":true,"showFlares":true,"showImageEffects":true,"showParticleSystems":true},"in2DMode":false,"pivot":{"x":578.917724609375,"y":45.479042053222659,"z":435.9073486328125},"rotation":{"x":-0.16850396990776063,"y":-0.5787488222122192,"z":0.12372595816850662,"w":-0.7882563471794128},"size":10.688957214355469,"orthographic":false}