{"cameraMode":{"drawMode":0,"name":"Shaded","section":"Shading Mode"},"sceneLighting":false,"audioPlay":false,"sceneViewState":{"showFog":true,"showMaterialUpdate":false,"showSkybox":true,"showFlares":true,"showImageEffects":true,"showParticleSystems":true},"in2DMode":false,"pivot":{"x":-0.11751866340637207,"y":-0.10406738519668579,"z":0.15398114919662476},"rotation":{"x":-0.29509055614471438,"y":0.5216792821884155,"z":-0.19850459694862367,"w":-0.7754793763160706},"size":0.5715767741203308,"orthographic":false}