{"cameraMode":{"drawMode":0,"name":"Shaded","section":"Shading Mode"},"sceneLighting":false,"audioPlay":false,"sceneViewState":{"showFog":true,"showMaterialUpdate":false,"showSkybox":true,"showFlares":true,"showImageEffects":true,"showParticleSystems":true},"in2DMode":false,"pivot":{"x":-0.011887311935424805,"y":0.46704673767089846,"z":0.1700000762939453},"rotation":{"x":-0.16750159859657288,"y":0.6353647112846375,"z":-0.1438121646642685,"w":-0.7399817705154419},"size":24.38174057006836,"orthographic":false}