{"cameraMode":{"drawMode":0,"name":"Shaded","section":"Shading Mode"},"sceneLighting":false,"audioPlay":false,"sceneViewState":{"showFog":true,"showMaterialUpdate":false,"showSkybox":true,"showFlares":true,"showImageEffects":true,"showParticleSystems":true},"in2DMode":false,"pivot":{"x":0.1304660141468048,"y":1.7025474309921265,"z":-0.21095967292785645},"rotation":{"x":-0.25310951471328738,"y":0.09268146008253098,"z":-0.0243615061044693,"w":-0.9626797437667847},"size":3.721860408782959,"orthographic":false}