{"cameraMode":{"drawMode":0,"name":"Shaded","section":"Shading Mode"},"sceneLighting":false,"audioPlay":false,"sceneViewState":{"showFog":true,"showMaterialUpdate":false,"showSkybox":true,"showFlares":true,"showImageEffects":true,"showParticleSystems":true},"in2DMode":false,"pivot":{"x":-3.4155869483947756,"y":1.2049784660339356,"z":0.9220647811889648},"rotation":{"x":-0.00755178090184927,"y":0.9901916980743408,"z":-0.12633417546749116,"w":-0.05918623134493828},"size":12.36819839477539,"orthographic":false}