{"cameraMode":{"drawMode":0,"name":"Shaded","section":"Shading Mode"},"sceneLighting":false,"audioPlay":false,"sceneViewState":{"showFog":true,"showMaterialUpdate":false,"showSkybox":true,"showFlares":true,"showImageEffects":true,"showParticleSystems":true},"in2DMode":false,"pivot":{"x":484.4774169921875,"y":194.94985961914063,"z":284.7485046386719},"rotation":{"x":0.04438485950231552,"y":0.002995103830471635,"z":-0.0001335382548859343,"w":0.9990100264549255},"size":868.3199462890625,"orthographic":false}