{"cameraMode":{"drawMode":0,"name":"Shaded","section":"Shading Mode"},"sceneLighting":false,"audioPlay":false,"sceneViewState":{"showFog":true,"showMaterialUpdate":false,"showSkybox":true,"showFlares":true,"showImageEffects":true,"showParticleSystems":true},"in2DMode":false,"pivot":{"x":-12.639551162719727,"y":-15.514145851135254,"z":5.181272506713867},"rotation":{"x":-0.4471229016780853,"y":0.4918026924133301,"z":-0.32743996381759646,"w":-0.6715611219406128},"size":22.0,"orthographic":false}