{"cameraMode":{"drawMode":0,"name":"Shaded","section":"Shading Mode"},"sceneLighting":false,"audioPlay":false,"sceneViewState":{"showFog":true,"showMaterialUpdate":false,"showSkybox":true,"showFlares":true,"showImageEffects":true,"showParticleSystems":true},"in2DMode":false,"pivot":{"x":0.9913194179534912,"y":1.5890707969665528,"z":-1.3103595972061158},"rotation":{"x":-0.20258936285972596,"y":-0.11719316244125366,"z":0.024428047239780427,"w":-0.9719190001487732},"size":22.0,"orthographic":false}