{"cameraMode":{"drawMode":0,"name":"Shaded","section":"Shading Mode"},"sceneLighting":false,"audioPlay":false,"sceneViewState":{"showFog":true,"showMaterialUpdate":false,"showSkybox":true,"showFlares":true,"showImageEffects":true,"showParticleSystems":true},"in2DMode":false,"pivot":{"x":-0.011887311935424805,"y":0.46704673767089846,"z":0.1700000762939453},"rotation":{"x":0.008203254081308842,"y":0.33309149742126467,"z":0.0028984742239117624,"w":-0.9428544044494629},"size":24.38174057006836,"orthographic":false}